split,samples,threshold,loss,dice,iou,precision,recall,specificity,boundary_f1
test,600,0.55,0.18101938138405482,0.8614501635233561,0.7806057588259379,0.9384960770606995,0.8347225419680278,0.9802829758326213,0.4318638785680135
