split,samples,threshold,loss,dice,iou,precision,recall,specificity,boundary_f1
val,150,0.55,0.1390426629781723,0.8703876368204753,0.7907622067133585,0.8903313835461935,0.8914818421999613,0.9704925449689229,0.5030021254221598
