split,samples,threshold,loss,dice,iou,precision,recall,specificity,boundary_f1
val,150,0.3,0.13582814852396646,0.8692165835698445,0.7869728755950928,0.9056852118174235,0.873637097676595,0.973943072160085,0.49946908473968504
