split,samples,threshold,loss,dice,iou,precision,recall,specificity,boundary_f1
val,717,0.5,0.10492469881618371,0.9034742665590103,0.8372708189105057,0.9175203694459285,0.915241292164748,0.9804648244065055,0.5319435070249326
