split,samples,threshold,loss,dice,iou,precision,recall,specificity,boundary_f1
test,600,0.3,0.12147051140666008,0.8548787077267964,0.7736327568689982,0.951718057791392,0.8166293509801229,0.9845667791366577,0.4276374414563179
