split,samples,threshold,loss,dice,iou,precision,recall,specificity,boundary_f1
val,717,0.5,0.1163215444967504,0.9092981368095473,0.8436773144217881,0.9372583694205291,0.9020425912559116,0.9824230015028471,0.5314665886065617
