epoch,train_loss,val_loss,val_dice,val_iou,val_precision,val_recall,val_specificity,val_boundary_f1
1,0.42942035181573945,0.2696250422313456,0.8669758176371309,0.7824259349658067,0.8552011041129151,0.9210549334435616,0.9803446925334851,0.3388506589948383
2,0.2529436758116917,0.1729098267053128,0.8994072278340658,0.827392703153432,0.8907861059513384,0.9312937731024611,0.9785524025621773,0.4508344126213212
3,0.1848885137886745,0.1306436537989679,0.9059887784461762,0.837966130867164,0.9083833241396203,0.9250186298515342,0.9794477293348379,0.502623703148907
4,0.14834201365022998,0.1163215444967504,0.9092981368095473,0.8436773144217881,0.9372583694205291,0.9020425912559116,0.9824230015028471,0.5314665886065617
5,0.12188402329885452,0.11126593495180084,0.9080659609126912,0.8426895928017099,0.9316337306462904,0.9061889478019757,0.9816241478820226,0.5285489540469197
6,0.11106179239695003,0.10448553931679852,0.9090327085976487,0.8428857235895207,0.9251573217962576,0.9138191182743056,0.9812878372778953,0.5155111531749098
7,0.09985635890797644,0.10366526470523499,0.9072555665191746,0.8392070708081978,0.9037397038321449,0.931880570438949,0.9768717035422598,0.48970053576691547
8,0.09322819897784108,0.10421925874601015,0.9087540561351484,0.8435006235600183,0.9447078366492416,0.8948810316694996,0.9843629153868809,0.5414926488279798
