split,samples,threshold,loss,dice,iou,precision,recall,specificity,boundary_f1
test,600,0.3,0.15772609710693358,0.8616327142715454,0.7832781926790873,0.9435197067260742,0.8346749917666118,0.9800147517522176,0.43835931678613027
