split,samples,threshold,loss,dice,iou,precision,recall,specificity,boundary_f1
val,150,0.4,0.13580672442913055,0.8735556284586589,0.793067905108134,0.8890608294804891,0.8961723725001017,0.9694383907318115,0.4919579839706421
