split,samples,threshold,loss,dice,iou,precision,recall,specificity,boundary_f1
val,716,0.5,0.10365426569511105,0.9082458558695277,0.8437893916774728,0.9276184286485171,0.9125326302464448,0.9835126060347318,0.5510977499977836
