split,samples,threshold,loss,dice,iou,precision,recall,specificity,boundary_f1
test,600,0.4,0.1847238241136074,0.8647659262021382,0.7868152475357055,0.9257610813776652,0.8545362973213195,0.9713836336135864,0.4376152269045512
