split,samples,threshold,loss,dice,iou,precision,recall,specificity,boundary_f1
val,150,0.3,0.09264033039410909,0.8731377291679382,0.7938463099797567,0.919967044989268,0.865959861278534,0.9812759510676066,0.5222479156653086
